---,MeshPart,Asset
CoveringHair_00,"HeadCoverings_BaseHair","None"
CoveringHair_01,"HeadCoverings_BaseHair","/Game/ModularCharacters/ModularParts/SK_Chr_HeadCoverings_Base_Hair_01.SK_Chr_HeadCoverings_Base_Hair_01"
CoveringHair_02,"HeadCoverings_BaseHair","/Game/ModularCharacters/ModularParts/SK_Chr_HeadCoverings_Base_Hair_02.SK_Chr_HeadCoverings_Base_Hair_02"
CoveringHair_03,"HeadCoverings_BaseHair","/Game/ModularCharacters/ModularParts/SK_Chr_HeadCoverings_Base_Hair_03.SK_Chr_HeadCoverings_Base_Hair_03"
CoveringHair_04,"HeadCoverings_BaseHair","/Game/ModularCharacters/ModularParts/SK_Chr_HeadCoverings_Base_Hair_04.SK_Chr_HeadCoverings_Base_Hair_04"
CoveringHair_05,"HeadCoverings_BaseHair","/Game/ModularCharacters/ModularParts/SK_Chr_HeadCoverings_Base_Hair_05.SK_Chr_HeadCoverings_Base_Hair_05"
CoveringHair_06,"HeadCoverings_BaseHair","/Game/ModularCharacters/ModularParts/SK_Chr_HeadCoverings_Base_Hair_06.SK_Chr_HeadCoverings_Base_Hair_06"
CoveringHair_07,"HeadCoverings_BaseHair","/Game/ModularCharacters/ModularParts/SK_Chr_HeadCoverings_Base_Hair_07.SK_Chr_HeadCoverings_Base_Hair_07"
CoveringHair_08,"HeadCoverings_BaseHair","/Game/ModularCharacters/ModularParts/SK_Chr_HeadCoverings_Base_Hair_08.SK_Chr_HeadCoverings_Base_Hair_08"
CoveringHair_09,"HeadCoverings_BaseHair","/Game/ModularCharacters/ModularParts/SK_Chr_HeadCoverings_Base_Hair_09.SK_Chr_HeadCoverings_Base_Hair_09"
CoveringHair_10,"HeadCoverings_BaseHair","/Game/ModularCharacters/ModularParts/SK_Chr_HeadCoverings_Base_Hair_10.SK_Chr_HeadCoverings_Base_Hair_10"
CoveringHair_11,"HeadCoverings_BaseHair","/Game/ModularCharacters/ModularParts/SK_Chr_HeadCoverings_Base_Hair_11.SK_Chr_HeadCoverings_Base_Hair_11"
CoveringNoFacialHair_00,"HeadCoverings_NoFacialHair","None"
CoveringNoFacialHair_01,"HeadCoverings_NoFacialHair","/Game/ModularCharacters/ModularParts/SK_Chr_HeadCoverings_No_FacialHair_01.SK_Chr_HeadCoverings_No_FacialHair_01"
CoveringNoFacialHair_02,"HeadCoverings_NoFacialHair","/Game/ModularCharacters/ModularParts/SK_Chr_HeadCoverings_No_FacialHair_02.SK_Chr_HeadCoverings_No_FacialHair_02"
CoveringNoFacialHair_03,"HeadCoverings_NoFacialHair","/Game/ModularCharacters/ModularParts/SK_Chr_HeadCoverings_No_FacialHair_03.SK_Chr_HeadCoverings_No_FacialHair_03"
CoveringNoFacialHair_04,"HeadCoverings_NoFacialHair","/Game/ModularCharacters/ModularParts/SK_Chr_HeadCoverings_No_FacialHair_04.SK_Chr_HeadCoverings_No_FacialHair_04"
NoHair_00,"HeadCoverings_NoHair","None"
NoHair_01,"HeadCoverings_NoHair","/Game/ModularCharacters/ModularParts/SK_Chr_HeadCoverings_No_Hair_01.SK_Chr_HeadCoverings_No_Hair_01"
NoHair_02,"HeadCoverings_NoHair","/Game/ModularCharacters/ModularParts/SK_Chr_HeadCoverings_No_Hair_02.SK_Chr_HeadCoverings_No_Hair_02"
NoHair_03,"HeadCoverings_NoHair","/Game/ModularCharacters/ModularParts/SK_Chr_HeadCoverings_No_Hair_03.SK_Chr_HeadCoverings_No_Hair_03"
NoHair_04,"HeadCoverings_NoHair","/Game/ModularCharacters/ModularParts/SK_Chr_HeadCoverings_No_Hair_04.SK_Chr_HeadCoverings_No_Hair_04"
NoHair_05,"HeadCoverings_NoHair","/Game/ModularCharacters/ModularParts/SK_Chr_HeadCoverings_No_Hair_05.SK_Chr_HeadCoverings_No_Hair_05"
NoHair_06,"HeadCoverings_NoHair","/Game/ModularCharacters/ModularParts/SK_Chr_HeadCoverings_No_Hair_06.SK_Chr_HeadCoverings_No_Hair_06"
NoHair_07,"HeadCoverings_NoHair","/Game/ModularCharacters/ModularParts/SK_Chr_HeadCoverings_No_Hair_07.SK_Chr_HeadCoverings_No_Hair_07"
NoHair_08,"HeadCoverings_NoHair","/Game/ModularCharacters/ModularParts/SK_Chr_HeadCoverings_No_Hair_08.SK_Chr_HeadCoverings_No_Hair_08"
NoHair_09,"HeadCoverings_NoHair","/Game/ModularCharacters/ModularParts/SK_Chr_HeadCoverings_No_Hair_09.SK_Chr_HeadCoverings_No_Hair_09"
NoHair_10,"HeadCoverings_NoHair","/Game/ModularCharacters/ModularParts/SK_Chr_HeadCoverings_No_Hair_10.SK_Chr_HeadCoverings_No_Hair_10"
NoHair_11,"HeadCoverings_NoHair","/Game/ModularCharacters/ModularParts/SK_Chr_HeadCoverings_No_Hair_11.SK_Chr_HeadCoverings_No_Hair_11"
NoHair_12,"HeadCoverings_NoHair","/Game/ModularCharacters/ModularParts/SK_Chr_HeadCoverings_No_Hair_12.SK_Chr_HeadCoverings_No_Hair_12"
NoHair_13,"HeadCoverings_NoHair","/Game/ModularCharacters/ModularParts/SK_Chr_HeadCoverings_No_Hair_13.SK_Chr_HeadCoverings_No_Hair_13"
Hair_01,"Hair","/Game/ModularCharacters/ModularParts/SK_Chr_Hair_01.SK_Chr_Hair_01"
Hair_02,"Hair","/Game/ModularCharacters/ModularParts/SK_Chr_Hair_02.SK_Chr_Hair_02"
Hair_03,"Hair","/Game/ModularCharacters/ModularParts/SK_Chr_Hair_03.SK_Chr_Hair_03"
Hair_04,"Hair","/Game/ModularCharacters/ModularParts/SK_Chr_Hair_04.SK_Chr_Hair_04"
Hair_05,"Hair","/Game/ModularCharacters/ModularParts/SK_Chr_Hair_05.SK_Chr_Hair_05"
Hair_06,"Hair","/Game/ModularCharacters/ModularParts/SK_Chr_Hair_06.SK_Chr_Hair_06"
Hair_07,"Hair","/Game/ModularCharacters/ModularParts/SK_Chr_Hair_07.SK_Chr_Hair_07"
Hair_08,"Hair","/Game/ModularCharacters/ModularParts/SK_Chr_Hair_08.SK_Chr_Hair_08"
Hair_09,"Hair","/Game/ModularCharacters/ModularParts/SK_Chr_Hair_09.SK_Chr_Hair_09"
Hair_10,"Hair","/Game/ModularCharacters/ModularParts/SK_Chr_Hair_10.SK_Chr_Hair_10"
Hair_11,"Hair","/Game/ModularCharacters/ModularParts/SK_Chr_Hair_11.SK_Chr_Hair_11"
Hair_12,"Hair","/Game/ModularCharacters/ModularParts/SK_Chr_Hair_12.SK_Chr_Hair_12"
Hair_13,"Hair","/Game/ModularCharacters/ModularParts/SK_Chr_Hair_13.SK_Chr_Hair_13"
Hair_14,"Hair","/Game/ModularCharacters/ModularParts/SK_Chr_Hair_14.SK_Chr_Hair_14"
Hair_15,"Hair","/Game/ModularCharacters/ModularParts/SK_Chr_Hair_15.SK_Chr_Hair_15"
Hair_16,"Hair","/Game/ModularCharacters/ModularParts/SK_Chr_Hair_16.SK_Chr_Hair_16"
Hair_17,"Hair","/Game/ModularCharacters/ModularParts/SK_Chr_Hair_17.SK_Chr_Hair_17"
Hair_18,"Hair","/Game/ModularCharacters/ModularParts/SK_Chr_Hair_18.SK_Chr_Hair_18"
Hair_19,"Hair","/Game/ModularCharacters/ModularParts/SK_Chr_Hair_19.SK_Chr_Hair_19"
Hair_20,"Hair","/Game/ModularCharacters/ModularParts/SK_Chr_Hair_20.SK_Chr_Hair_20"
Hair_21,"Hair","/Game/ModularCharacters/ModularParts/SK_Chr_Hair_21.SK_Chr_Hair_21"
Hair_22,"Hair","/Game/ModularCharacters/ModularParts/SK_Chr_Hair_22.SK_Chr_Hair_22"
Hair_23,"Hair","/Game/ModularCharacters/ModularParts/SK_Chr_Hair_23.SK_Chr_Hair_23"
Hair_24,"Hair","/Game/ModularCharacters/ModularParts/SK_Chr_Hair_24.SK_Chr_Hair_24"
Hair_25,"Hair","/Game/ModularCharacters/ModularParts/SK_Chr_Hair_25.SK_Chr_Hair_25"
Hair_26,"Hair","/Game/ModularCharacters/ModularParts/SK_Chr_Hair_26.SK_Chr_Hair_26"
Hair_27,"Hair","/Game/ModularCharacters/ModularParts/SK_Chr_Hair_27.SK_Chr_Hair_27"
Hair_28,"Hair","/Game/ModularCharacters/ModularParts/SK_Chr_Hair_28.SK_Chr_Hair_28"
Hair_29,"Hair","/Game/ModularCharacters/ModularParts/SK_Chr_Hair_29.SK_Chr_Hair_29"
HeadHair_00,"HeadAttachment_Hair","None"
HeadHelmet_00,"HeadAttachment_Helmet","None"
HeadHelmet_01,"HeadAttachment_Helmet","/Game/ModularCharacters/ModularParts/SK_Chr_HelmetAttachment_01.SK_Chr_HelmetAttachment_01"
HeadHelmet_02,"HeadAttachment_Helmet","/Game/ModularCharacters/ModularParts/SK_Chr_HelmetAttachment_02.SK_Chr_HelmetAttachment_02"
HeadHelmet_03,"HeadAttachment_Helmet","/Game/ModularCharacters/ModularParts/SK_Chr_HelmetAttachment_03.SK_Chr_HelmetAttachment_03"
HeadHelmet_04,"HeadAttachment_Helmet","/Game/ModularCharacters/ModularParts/SK_Chr_HelmetAttachment_04.SK_Chr_HelmetAttachment_04"
HeadHelmet_05,"HeadAttachment_Helmet","/Game/ModularCharacters/ModularParts/SK_Chr_HelmetAttachment_05.SK_Chr_HelmetAttachment_05"
HeadHelmet_06,"HeadAttachment_Helmet","/Game/ModularCharacters/ModularParts/SK_Chr_HelmetAttachment_06.SK_Chr_HelmetAttachment_06"
HeadHelmet_07,"HeadAttachment_Helmet","/Game/ModularCharacters/ModularParts/SK_Chr_HelmetAttachment_07.SK_Chr_HelmetAttachment_07"
HeadHelmet_08,"HeadAttachment_Helmet","/Game/ModularCharacters/ModularParts/SK_Chr_HelmetAttachment_08.SK_Chr_HelmetAttachment_08"
HeadHelmet_09,"HeadAttachment_Helmet","/Game/ModularCharacters/ModularParts/SK_Chr_HelmetAttachment_09.SK_Chr_HelmetAttachment_09"
HeadHelmet_10,"HeadAttachment_Helmet","/Game/ModularCharacters/ModularParts/SK_Chr_HelmetAttachment_10.SK_Chr_HelmetAttachment_10"
HeadHelmet_11,"HeadAttachment_Helmet","/Game/ModularCharacters/ModularParts/SK_Chr_HelmetAttachment_11.SK_Chr_HelmetAttachment_11"
HeadHelmet_12,"HeadAttachment_Helmet","/Game/ModularCharacters/ModularParts/SK_Chr_HelmetAttachment_12.SK_Chr_HelmetAttachment_12"
HeadHelmet_13,"HeadAttachment_Helmet","/Game/ModularCharacters/ModularParts/SK_Chr_HelmetAttachment_13.SK_Chr_HelmetAttachment_13"
Chest_00,"ChestAttachment","None"
Back_00,"BackAttachment","None"
Back_01,"BackAttachment","/Game/ModularCharacters/ModularParts/SK_Chr_BackAttachment_01.SK_Chr_BackAttachment_01"
Back_02,"BackAttachment","/Game/ModularCharacters/ModularParts/SK_Chr_BackAttachment_02.SK_Chr_BackAttachment_02"
Back_03,"BackAttachment","/Game/ModularCharacters/ModularParts/SK_Chr_BackAttachment_03.SK_Chr_BackAttachment_03"
Back_04,"BackAttachment","/Game/ModularCharacters/ModularParts/SK_Chr_BackAttachment_04.SK_Chr_BackAttachment_04"
Back_05,"BackAttachment","/Game/ModularCharacters/ModularParts/SK_Chr_BackAttachment_05.SK_Chr_BackAttachment_05"
Back_06,"BackAttachment","/Game/ModularCharacters/ModularParts/SK_Chr_BackAttachment_06.SK_Chr_BackAttachment_06"
Back_07,"BackAttachment","/Game/ModularCharacters/ModularParts/SK_Chr_BackAttachment_07.SK_Chr_BackAttachment_07"
Back_08,"BackAttachment","/Game/ModularCharacters/ModularParts/SK_Chr_BackAttachment_08.SK_Chr_BackAttachment_08"
Back_09,"BackAttachment","/Game/ModularCharacters/ModularParts/SK_Chr_BackAttachment_09.SK_Chr_BackAttachment_09"
Back_10,"BackAttachment","/Game/ModularCharacters/ModularParts/SK_Chr_BackAttachment_10.SK_Chr_BackAttachment_10"
Back_11,"BackAttachment","/Game/ModularCharacters/ModularParts/SK_Chr_BackAttachment_11.SK_Chr_BackAttachment_11"
Back_12,"BackAttachment","/Game/ModularCharacters/ModularParts/SK_Chr_BackAttachment_12.SK_Chr_BackAttachment_12"
Back_13,"BackAttachment","/Game/ModularCharacters/ModularParts/SK_Chr_BackAttachment_13.SK_Chr_BackAttachment_13"
Back_14,"BackAttachment","/Game/ModularCharacters/ModularParts/SK_Chr_BackAttachment_14.SK_Chr_BackAttachment_14"
Back_15,"BackAttachment","/Game/ModularCharacters/ModularParts/SK_Chr_BackAttachment_15.SK_Chr_BackAttachment_15"
ShoulderRight_00,"ShoulderAttachment_Right","None"
ShoulderRight_01,"ShoulderAttachment_Right","/Game/ModularCharacters/ModularParts/SK_Chr_ShoulderAttachRight_01.SK_Chr_ShoulderAttachRight_01"
ShoulderRight_02,"ShoulderAttachment_Right","/Game/ModularCharacters/ModularParts/SK_Chr_ShoulderAttachRight_02.SK_Chr_ShoulderAttachRight_02"
ShoulderRight_03,"ShoulderAttachment_Right","/Game/ModularCharacters/ModularParts/SK_Chr_ShoulderAttachRight_03.SK_Chr_ShoulderAttachRight_03"
ShoulderRight_04,"ShoulderAttachment_Right","/Game/ModularCharacters/ModularParts/SK_Chr_ShoulderAttachRight_04.SK_Chr_ShoulderAttachRight_04"
ShoulderRight_05,"ShoulderAttachment_Right","/Game/ModularCharacters/ModularParts/SK_Chr_ShoulderAttachRight_05.SK_Chr_ShoulderAttachRight_05"
ShoulderRight_06,"ShoulderAttachment_Right","/Game/ModularCharacters/ModularParts/SK_Chr_ShoulderAttachRight_06.SK_Chr_ShoulderAttachRight_06"
ShoulderRight_07,"ShoulderAttachment_Right","/Game/ModularCharacters/ModularParts/SK_Chr_ShoulderAttachRight_07.SK_Chr_ShoulderAttachRight_07"
ShoulderRight_08,"ShoulderAttachment_Right","/Game/ModularCharacters/ModularParts/SK_Chr_ShoulderAttachRight_08.SK_Chr_ShoulderAttachRight_08"
ShoulderRight_09,"ShoulderAttachment_Right","/Game/ModularCharacters/ModularParts/SK_Chr_ShoulderAttachRight_09.SK_Chr_ShoulderAttachRight_09"
ShoulderRight_10,"ShoulderAttachment_Right","/Game/ModularCharacters/ModularParts/SK_Chr_ShoulderAttachRight_10.SK_Chr_ShoulderAttachRight_10"
ShoulderRight_11,"ShoulderAttachment_Right","/Game/ModularCharacters/ModularParts/SK_Chr_ShoulderAttachRight_11.SK_Chr_ShoulderAttachRight_11"
ShoulderRight_12,"ShoulderAttachment_Right","/Game/ModularCharacters/ModularParts/SK_Chr_ShoulderAttachRight_12.SK_Chr_ShoulderAttachRight_12"
ShoulderRight_13,"ShoulderAttachment_Right","/Game/ModularCharacters/ModularParts/SK_Chr_ShoulderAttachRight_13.SK_Chr_ShoulderAttachRight_13"
ShoulderRight_14,"ShoulderAttachment_Right","/Game/ModularCharacters/ModularParts/SK_Chr_ShoulderAttachRight_14.SK_Chr_ShoulderAttachRight_14"
ShoulderRight_15,"ShoulderAttachment_Right","/Game/ModularCharacters/ModularParts/SK_Chr_ShoulderAttachRight_15.SK_Chr_ShoulderAttachRight_15"
ShoulderRight_16,"ShoulderAttachment_Right","/Game/ModularCharacters/ModularParts/SK_Chr_ShoulderAttachRight_16.SK_Chr_ShoulderAttachRight_16"
ShoulderRight_17,"ShoulderAttachment_Right","/Game/ModularCharacters/ModularParts/SK_Chr_ShoulderAttachRight_17.SK_Chr_ShoulderAttachRight_17"
ShoulderRight_18,"ShoulderAttachment_Right","/Game/ModularCharacters/ModularParts/SK_Chr_ShoulderAttachRight_18.SK_Chr_ShoulderAttachRight_18"
ShoulderRight_19,"ShoulderAttachment_Right","/Game/ModularCharacters/ModularParts/SK_Chr_ShoulderAttachRight_19.SK_Chr_ShoulderAttachRight_19"
ShoulderRight_20,"ShoulderAttachment_Right","/Game/ModularCharacters/ModularParts/SK_Chr_ShoulderAttachRight_20.SK_Chr_ShoulderAttachRight_20"
ShoulderRight_21,"ShoulderAttachment_Right","/Game/ModularCharacters/ModularParts/SK_Chr_ShoulderAttachRight_21.SK_Chr_ShoulderAttachRight_21"
ShoulderLeft_00,"ShoulderAttachment_Left","None"
ShoulderLeft_01,"ShoulderAttachment_Left","/Game/ModularCharacters/ModularParts/SK_Chr_ShoulderAttachLeft_01.SK_Chr_ShoulderAttachLeft_01"
ShoulderLeft_02,"ShoulderAttachment_Left","/Game/ModularCharacters/ModularParts/SK_Chr_ShoulderAttachLeft_02.SK_Chr_ShoulderAttachLeft_02"
ShoulderLeft_03,"ShoulderAttachment_Left","/Game/ModularCharacters/ModularParts/SK_Chr_ShoulderAttachLeft_03.SK_Chr_ShoulderAttachLeft_03"
ShoulderLeft_04,"ShoulderAttachment_Left","/Game/ModularCharacters/ModularParts/SK_Chr_ShoulderAttachLeft_04.SK_Chr_ShoulderAttachLeft_04"
ShoulderLeft_05,"ShoulderAttachment_Left","/Game/ModularCharacters/ModularParts/SK_Chr_ShoulderAttachLeft_05.SK_Chr_ShoulderAttachLeft_05"
ShoulderLeft_06,"ShoulderAttachment_Left","/Game/ModularCharacters/ModularParts/SK_Chr_ShoulderAttachLeft_06.SK_Chr_ShoulderAttachLeft_06"
ShoulderLeft_07,"ShoulderAttachment_Left","/Game/ModularCharacters/ModularParts/SK_Chr_ShoulderAttachLeft_07.SK_Chr_ShoulderAttachLeft_07"
ShoulderLeft_08,"ShoulderAttachment_Left","/Game/ModularCharacters/ModularParts/SK_Chr_ShoulderAttachLeft_08.SK_Chr_ShoulderAttachLeft_08"
ShoulderLeft_09,"ShoulderAttachment_Left","/Game/ModularCharacters/ModularParts/SK_Chr_ShoulderAttachLeft_09.SK_Chr_ShoulderAttachLeft_09"
ShoulderLeft_10,"ShoulderAttachment_Left","/Game/ModularCharacters/ModularParts/SK_Chr_ShoulderAttachLeft_10.SK_Chr_ShoulderAttachLeft_10"
ShoulderLeft_11,"ShoulderAttachment_Left","/Game/ModularCharacters/ModularParts/SK_Chr_ShoulderAttachLeft_11.SK_Chr_ShoulderAttachLeft_11"
ShoulderLeft_12,"ShoulderAttachment_Left","/Game/ModularCharacters/ModularParts/SK_Chr_ShoulderAttachLeft_12.SK_Chr_ShoulderAttachLeft_12"
ShoulderLeft_13,"ShoulderAttachment_Left","/Game/ModularCharacters/ModularParts/SK_Chr_ShoulderAttachLeft_13.SK_Chr_ShoulderAttachLeft_13"
ShoulderLeft_14,"ShoulderAttachment_Left","/Game/ModularCharacters/ModularParts/SK_Chr_ShoulderAttachLeft_14.SK_Chr_ShoulderAttachLeft_14"
ShoulderLeft_15,"ShoulderAttachment_Left","/Game/ModularCharacters/ModularParts/SK_Chr_ShoulderAttachLeft_15.SK_Chr_ShoulderAttachLeft_15"
ShoulderLeft_16,"ShoulderAttachment_Left","/Game/ModularCharacters/ModularParts/SK_Chr_ShoulderAttachLeft_16.SK_Chr_ShoulderAttachLeft_16"
ShoulderLeft_17,"ShoulderAttachment_Left","/Game/ModularCharacters/ModularParts/SK_Chr_ShoulderAttachLeft_17.SK_Chr_ShoulderAttachLeft_17"
ShoulderLeft_18,"ShoulderAttachment_Left","/Game/ModularCharacters/ModularParts/SK_Chr_ShoulderAttachLeft_18.SK_Chr_ShoulderAttachLeft_18"
ShoulderLeft_19,"ShoulderAttachment_Left","/Game/ModularCharacters/ModularParts/SK_Chr_ShoulderAttachLeft_19.SK_Chr_ShoulderAttachLeft_19"
ShoulderLeft_20,"ShoulderAttachment_Left","/Game/ModularCharacters/ModularParts/SK_Chr_ShoulderAttachLeft_20.SK_Chr_ShoulderAttachLeft_20"
ShoulderLeft_21,"ShoulderAttachment_Left","/Game/ModularCharacters/ModularParts/SK_Chr_ShoulderAttachLeft_21.SK_Chr_ShoulderAttachLeft_21"
ElbowRight_00,"ElbowAttachment_Right","None"
ElbowRight_01,"ElbowAttachment_Right","/Game/ModularCharacters/ModularParts/SK_Chr_ElbowAttachRight_01.SK_Chr_ElbowAttachRight_01"
ElbowRight_02,"ElbowAttachment_Right","/Game/ModularCharacters/ModularParts/SK_Chr_ElbowAttachRight_02.SK_Chr_ElbowAttachRight_02"
ElbowRight_03,"ElbowAttachment_Right","/Game/ModularCharacters/ModularParts/SK_Chr_ElbowAttachRight_03.SK_Chr_ElbowAttachRight_03"
ElbowRight_04,"ElbowAttachment_Right","/Game/ModularCharacters/ModularParts/SK_Chr_ElbowAttachRight_04.SK_Chr_ElbowAttachRight_04"
ElbowRight_05,"ElbowAttachment_Right","/Game/ModularCharacters/ModularParts/SK_Chr_ElbowAttachRight_05.SK_Chr_ElbowAttachRight_05"
ElbowRight_06,"ElbowAttachment_Right","/Game/ModularCharacters/ModularParts/SK_Chr_ElbowAttachRight_06.SK_Chr_ElbowAttachRight_06"
ElbowLeft_00,"ElbowAttachment_Left","None"
ElbowLeft_01,"KneeAttachment_Left","/Game/ModularCharacters/ModularParts/SK_Chr_ElbowAttachLeft_01.SK_Chr_ElbowAttachLeft_01"
ElbowLeft_02,"KneeAttachment_Left","/Game/ModularCharacters/ModularParts/SK_Chr_ElbowAttachLeft_02.SK_Chr_ElbowAttachLeft_02"
ElbowLeft_03,"KneeAttachment_Left","/Game/ModularCharacters/ModularParts/SK_Chr_ElbowAttachLeft_03.SK_Chr_ElbowAttachLeft_03"
ElbowLeft_04,"KneeAttachment_Left","/Game/ModularCharacters/ModularParts/SK_Chr_ElbowAttachLeft_04.SK_Chr_ElbowAttachLeft_04"
ElbowLeft_05,"KneeAttachment_Left","/Game/ModularCharacters/ModularParts/SK_Chr_ElbowAttachLeft_05.SK_Chr_ElbowAttachLeft_05"
ElbowLeft_06,"KneeAttachment_Left","/Game/ModularCharacters/ModularParts/SK_Chr_ElbowAttachLeft_06.SK_Chr_ElbowAttachLeft_06"
HipsAttachment_00,"HipsAttachment","None"
HipsAttachment_01,"HipsAttachment","/Game/ModularCharacters/ModularParts/SK_Chr_HipsAttachment_01.SK_Chr_HipsAttachment_01"
HipsAttachment_02,"HipsAttachment","/Game/ModularCharacters/ModularParts/SK_Chr_HipsAttachment_02.SK_Chr_HipsAttachment_02"
HipsAttachment_03,"HipsAttachment","/Game/ModularCharacters/ModularParts/SK_Chr_HipsAttachment_03.SK_Chr_HipsAttachment_03"
HipsAttachment_04,"HipsAttachment","/Game/ModularCharacters/ModularParts/SK_Chr_HipsAttachment_04.SK_Chr_HipsAttachment_04"
HipsAttachment_05,"HipsAttachment","/Game/ModularCharacters/ModularParts/SK_Chr_HipsAttachment_05.SK_Chr_HipsAttachment_05"
HipsAttachment_06,"HipsAttachment","/Game/ModularCharacters/ModularParts/SK_Chr_HipsAttachment_06.SK_Chr_HipsAttachment_06"
HipsAttachment_07,"HipsAttachment","/Game/ModularCharacters/ModularParts/SK_Chr_HipsAttachment_07.SK_Chr_HipsAttachment_07"
HipsAttachment_08,"HipsAttachment","/Game/ModularCharacters/ModularParts/SK_Chr_HipsAttachment_08.SK_Chr_HipsAttachment_08"
HipsAttachment_09,"HipsAttachment","/Game/ModularCharacters/ModularParts/SK_Chr_HipsAttachment_09.SK_Chr_HipsAttachment_09"
HipsAttachment_10,"HipsAttachment","/Game/ModularCharacters/ModularParts/SK_Chr_HipsAttachment_10.SK_Chr_HipsAttachment_10"
HipsAttachment_11,"HipsAttachment","/Game/ModularCharacters/ModularParts/SK_Chr_HipsAttachment_11.SK_Chr_HipsAttachment_11"
HipsAttachment_12,"HipsAttachment","/Game/ModularCharacters/ModularParts/SK_Chr_HipsAttachment_12.SK_Chr_HipsAttachment_12"
KneeRight_00,"KneeAttachment_Right","None"
KneeRight_01,"KneeAttachment_Right","/Game/ModularCharacters/ModularParts/SK_Chr_KneeAttachRight_01.SK_Chr_KneeAttachRight_01"
KneeRight_02,"KneeAttachment_Right","/Game/ModularCharacters/ModularParts/SK_Chr_KneeAttachRight_02.SK_Chr_KneeAttachRight_02"
KneeRight_03,"KneeAttachment_Right","/Game/ModularCharacters/ModularParts/SK_Chr_KneeAttachRight_03.SK_Chr_KneeAttachRight_03"
KneeRight_04,"KneeAttachment_Right","/Game/ModularCharacters/ModularParts/SK_Chr_KneeAttachRight_04.SK_Chr_KneeAttachRight_04"
KneeRight_05,"KneeAttachment_Right","/Game/ModularCharacters/ModularParts/SK_Chr_KneeAttachRight_05.SK_Chr_KneeAttachRight_05"
KneeRight_06,"KneeAttachment_Right","/Game/ModularCharacters/ModularParts/SK_Chr_KneeAttachRight_06.SK_Chr_KneeAttachRight_06"
KneeRight_07,"KneeAttachment_Right","/Game/ModularCharacters/ModularParts/SK_Chr_KneeAttachRight_07.SK_Chr_KneeAttachRight_07"
KneeRight_08,"KneeAttachment_Right","/Game/ModularCharacters/ModularParts/SK_Chr_KneeAttachRight_08.SK_Chr_KneeAttachRight_08"
KneeRight_09,"KneeAttachment_Right","/Game/ModularCharacters/ModularParts/SK_Chr_KneeAttachRight_09.SK_Chr_KneeAttachRight_09"
KneeRight_10,"KneeAttachment_Right","/Game/ModularCharacters/ModularParts/SK_Chr_KneeAttachRight_10.SK_Chr_KneeAttachRight_10"
KneeRight_11,"KneeAttachment_Right","/Game/ModularCharacters/ModularParts/SK_Chr_KneeAttachRight_11.SK_Chr_KneeAttachRight_11"
KneeLeft_00,"KneeAttachment_Left","None"
KneeLeft_01,"KneeAttachment_Left","/Game/ModularCharacters/ModularParts/SK_Chr_KneeAttachLeft_01.SK_Chr_KneeAttachLeft_01"
KneeLeft_02,"KneeAttachment_Left","/Game/ModularCharacters/ModularParts/SK_Chr_KneeAttachLeft_02.SK_Chr_KneeAttachLeft_02"
KneeLeft_03,"KneeAttachment_Left","/Game/ModularCharacters/ModularParts/SK_Chr_KneeAttachLeft_03.SK_Chr_KneeAttachLeft_03"
KneeLeft_04,"KneeAttachment_Left","/Game/ModularCharacters/ModularParts/SK_Chr_KneeAttachLeft_04.SK_Chr_KneeAttachLeft_04"
KneeLeft_05,"KneeAttachment_Left","/Game/ModularCharacters/ModularParts/SK_Chr_KneeAttachLeft_05.SK_Chr_KneeAttachLeft_05"
KneeLeft_06,"KneeAttachment_Left","/Game/ModularCharacters/ModularParts/SK_Chr_KneeAttachLeft_06.SK_Chr_KneeAttachLeft_06"
KneeLeft_07,"KneeAttachment_Left","/Game/ModularCharacters/ModularParts/SK_Chr_KneeAttachLeft_07.SK_Chr_KneeAttachLeft_07"
KneeLeft_08,"KneeAttachment_Left","/Game/ModularCharacters/ModularParts/SK_Chr_KneeAttachLeft_08.SK_Chr_KneeAttachLeft_08"
KneeLeft_09,"KneeAttachment_Left","/Game/ModularCharacters/ModularParts/SK_Chr_KneeAttachLeft_09.SK_Chr_KneeAttachLeft_09"
KneeLeft_10,"KneeAttachment_Left","/Game/ModularCharacters/ModularParts/SK_Chr_KneeAttachLeft_10.SK_Chr_KneeAttachLeft_10"
KneeLeft_11,"KneeAttachment_Left","/Game/ModularCharacters/ModularParts/SK_Chr_KneeAttachLeft_11.SK_Chr_KneeAttachLeft_11"
Extra_00,"Extra","None"
Extra_01,"Extra","/Game/ModularCharacters/ModularParts/SK_Chr_Ear_Ear_01.SK_Chr_Ear_Ear_01"
Extra_02,"Extra","/Game/ModularCharacters/ModularParts/SK_Chr_Ear_Ear_02.SK_Chr_Ear_Ear_02"
Extra_03,"Extra","/Game/ModularCharacters/ModularParts/SK_Chr_Ear_Ear_03.SK_Chr_Ear_Ear_03"
Extra_04,"Extra","/Game/ModularCharacters/ModularParts/SK_Chr_Ear_Ear_04.SK_Chr_Ear_Ear_04"
Head_00,"Head_AllElements","/Game/ModularCharacters/ModularParts/SK_Chr_Head_Male_00.SK_Chr_Head_Male_00"
Head_01,"Head_AllElements","/Game/ModularCharacters/ModularParts/SK_Chr_Head_Male_01.SK_Chr_Head_Male_01"
Head_02,"Head_AllElements","/Game/ModularCharacters/ModularParts/SK_Chr_Head_Male_02.SK_Chr_Head_Male_02"
Head_03,"Head_AllElements","/Game/ModularCharacters/ModularParts/SK_Chr_Head_Male_03.SK_Chr_Head_Male_03"
Head_04,"Head_AllElements","/Game/ModularCharacters/ModularParts/SK_Chr_Head_Male_04.SK_Chr_Head_Male_04"
Head_05,"Head_AllElements","/Game/ModularCharacters/ModularParts/SK_Chr_Head_Male_05.SK_Chr_Head_Male_05"
Head_06,"Head_AllElements","/Game/ModularCharacters/ModularParts/SK_Chr_Head_Male_06.SK_Chr_Head_Male_06"
Head_07,"Head_AllElements","/Game/ModularCharacters/ModularParts/SK_Chr_Head_Male_07.SK_Chr_Head_Male_07"
Head_08,"Head_AllElements","/Game/ModularCharacters/ModularParts/SK_Chr_Head_Male_08.SK_Chr_Head_Male_08"
Head_09,"Head_AllElements","/Game/ModularCharacters/ModularParts/SK_Chr_Head_Male_09.SK_Chr_Head_Male_09"
Head_10,"Head_AllElements","/Game/ModularCharacters/ModularParts/SK_Chr_Head_Male_10.SK_Chr_Head_Male_10"
Head_11,"Head_AllElements","/Game/ModularCharacters/ModularParts/SK_Chr_Head_Male_11.SK_Chr_Head_Male_11"
Head_12,"Head_AllElements","/Game/ModularCharacters/ModularParts/SK_Chr_Head_Male_12.SK_Chr_Head_Male_12"
Head_13,"Head_AllElements","/Game/ModularCharacters/ModularParts/SK_Chr_Head_Male_13.SK_Chr_Head_Male_13"
Head_14,"Head_AllElements","/Game/ModularCharacters/ModularParts/SK_Chr_Head_Male_14.SK_Chr_Head_Male_14"
Head_15,"Head_AllElements","/Game/ModularCharacters/ModularParts/SK_Chr_Head_Male_15.SK_Chr_Head_Male_15"
Head_16,"Head_AllElements","/Game/ModularCharacters/ModularParts/SK_Chr_Head_Male_16.SK_Chr_Head_Male_16"
Head_17,"Head_AllElements","/Game/ModularCharacters/ModularParts/SK_Chr_Head_Male_17.SK_Chr_Head_Male_17"
Head_18,"Head_AllElements","/Game/ModularCharacters/ModularParts/SK_Chr_Head_Male_18.SK_Chr_Head_Male_18"
Head_19,"Head_AllElements","/Game/ModularCharacters/ModularParts/SK_Chr_Head_Male_19.SK_Chr_Head_Male_19"
Head_20,"Head_AllElements","/Game/ModularCharacters/ModularParts/SK_Chr_Head_Male_20.SK_Chr_Head_Male_20"
Head_21,"Head_AllElements","/Game/ModularCharacters/ModularParts/SK_Chr_Head_Male_21.SK_Chr_Head_Male_21"
Head_22,"Head_AllElements","/Game/ModularCharacters/ModularParts/SK_Chr_Head_Male_22.SK_Chr_Head_Male_22"
HeadNo_00,"Head_NoElements","None"
HeadNo_01,"Head_NoElements","/Game/ModularCharacters/ModularParts/SK_Chr_Head_No_Elements_Male_01.SK_Chr_Head_No_Elements_Male_01"
HeadNo_02,"Head_NoElements","/Game/ModularCharacters/ModularParts/SK_Chr_Head_No_Elements_Male_02.SK_Chr_Head_No_Elements_Male_02"
HeadNo_03,"Head_NoElements","/Game/ModularCharacters/ModularParts/SK_Chr_Head_No_Elements_Male_03.SK_Chr_Head_No_Elements_Male_03"
HeadNo_04,"Head_NoElements","/Game/ModularCharacters/ModularParts/SK_Chr_Head_No_Elements_Male_04.SK_Chr_Head_No_Elements_Male_04"
HeadNo_05,"Head_NoElements","/Game/ModularCharacters/ModularParts/SK_Chr_Head_No_Elements_Male_05.SK_Chr_Head_No_Elements_Male_05"
HeadNo_06,"Head_NoElements","/Game/ModularCharacters/ModularParts/SK_Chr_Head_No_Elements_Male_06.SK_Chr_Head_No_Elements_Male_06"
HeadNo_07,"Head_NoElements","/Game/ModularCharacters/ModularParts/SK_Chr_Head_No_Elements_Male_07.SK_Chr_Head_No_Elements_Male_07"
HeadNo_08,"Head_NoElements","/Game/ModularCharacters/ModularParts/SK_Chr_Head_No_Elements_Male_08.SK_Chr_Head_No_Elements_Male_08"
HeadNo_09,"Head_NoElements","/Game/ModularCharacters/ModularParts/SK_Chr_Head_No_Elements_Male_09.SK_Chr_Head_No_Elements_Male_09"
HeadNo_10,"Head_NoElements","/Game/ModularCharacters/ModularParts/SK_Chr_Head_No_Elements_Male_10.SK_Chr_Head_No_Elements_Male_10"
HeadNo_11,"Head_NoElements","/Game/ModularCharacters/ModularParts/SK_Chr_Head_No_Elements_Male_11.SK_Chr_Head_No_Elements_Male_11"
HeadNo_12,"Head_NoElements","/Game/ModularCharacters/ModularParts/SK_Chr_Head_No_Elements_Male_12.SK_Chr_Head_No_Elements_Male_12"
HeadNo_13,"Head_NoElements","/Game/ModularCharacters/ModularParts/SK_Chr_Head_No_Elements_Male_13.SK_Chr_Head_No_Elements_Male_13"
Eyebrows_01,"Eyebrows","/Game/ModularCharacters/ModularParts/SK_Chr_Eyebrow_Male_01.SK_Chr_Eyebrow_Male_01"
Eyebrows_02,"Eyebrows","/Game/ModularCharacters/ModularParts/SK_Chr_Eyebrow_Male_02.SK_Chr_Eyebrow_Male_02"
Eyebrows_03,"Eyebrows","/Game/ModularCharacters/ModularParts/SK_Chr_Eyebrow_Male_03.SK_Chr_Eyebrow_Male_03"
Eyebrows_04,"Eyebrows","/Game/ModularCharacters/ModularParts/SK_Chr_Eyebrow_Male_04.SK_Chr_Eyebrow_Male_04"
Eyebrows_05,"Eyebrows","/Game/ModularCharacters/ModularParts/SK_Chr_Eyebrow_Male_05.SK_Chr_Eyebrow_Male_05"
Eyebrows_06,"Eyebrows","/Game/ModularCharacters/ModularParts/SK_Chr_Eyebrow_Male_06.SK_Chr_Eyebrow_Male_06"
Eyebrows_07,"Eyebrows","/Game/ModularCharacters/ModularParts/SK_Chr_Eyebrow_Male_07.SK_Chr_Eyebrow_Male_07"
Eyebrows_08,"Eyebrows","/Game/ModularCharacters/ModularParts/SK_Chr_Eyebrow_Male_08.SK_Chr_Eyebrow_Male_08"
Eyebrows_09,"Eyebrows","/Game/ModularCharacters/ModularParts/SK_Chr_Eyebrow_Male_09.SK_Chr_Eyebrow_Male_09"
Eyebrows_10,"Eyebrows","/Game/ModularCharacters/ModularParts/SK_Chr_Eyebrow_Male_10.SK_Chr_Eyebrow_Male_10"
FacialHair_00,"FacialHair","None"
FacialHair_01,"FacialHair","/Game/ModularCharacters/ModularParts/SK_Chr_FacialHair_Male_01.SK_Chr_FacialHair_Male_01"
FacialHair_02,"FacialHair","/Game/ModularCharacters/ModularParts/SK_Chr_FacialHair_Male_02.SK_Chr_FacialHair_Male_02"
FacialHair_03,"FacialHair","/Game/ModularCharacters/ModularParts/SK_Chr_FacialHair_Male_03.SK_Chr_FacialHair_Male_03"
FacialHair_04,"FacialHair","/Game/ModularCharacters/ModularParts/SK_Chr_FacialHair_Male_04.SK_Chr_FacialHair_Male_04"
FacialHair_05,"FacialHair","/Game/ModularCharacters/ModularParts/SK_Chr_FacialHair_Male_05.SK_Chr_FacialHair_Male_05"
FacialHair_06,"FacialHair","/Game/ModularCharacters/ModularParts/SK_Chr_FacialHair_Male_06.SK_Chr_FacialHair_Male_06"
FacialHair_07,"FacialHair","/Game/ModularCharacters/ModularParts/SK_Chr_FacialHair_Male_07.SK_Chr_FacialHair_Male_07"
FacialHair_08,"FacialHair","/Game/ModularCharacters/ModularParts/SK_Chr_FacialHair_Male_08.SK_Chr_FacialHair_Male_08"
FacialHair_09,"FacialHair","/Game/ModularCharacters/ModularParts/SK_Chr_FacialHair_Male_09.SK_Chr_FacialHair_Male_09"
FacialHair_10,"FacialHair","/Game/ModularCharacters/ModularParts/SK_Chr_FacialHair_Male_10.SK_Chr_FacialHair_Male_10"
FacialHair_11,"FacialHair","/Game/ModularCharacters/ModularParts/SK_Chr_FacialHair_Male_11.SK_Chr_FacialHair_Male_11"
FacialHair_12,"FacialHair","/Game/ModularCharacters/ModularParts/SK_Chr_FacialHair_Male_12.SK_Chr_FacialHair_Male_12"
FacialHair_13,"FacialHair","/Game/ModularCharacters/ModularParts/SK_Chr_FacialHair_Male_13.SK_Chr_FacialHair_Male_13"
FacialHair_14,"FacialHair","/Game/ModularCharacters/ModularParts/SK_Chr_FacialHair_Male_14.SK_Chr_FacialHair_Male_14"
FacialHair_15,"FacialHair","/Game/ModularCharacters/ModularParts/SK_Chr_FacialHair_Male_15.SK_Chr_FacialHair_Male_15"
FacialHair_16,"FacialHair","/Game/ModularCharacters/ModularParts/SK_Chr_FacialHair_Male_16.SK_Chr_FacialHair_Male_16"
FacialHair_17,"FacialHair","/Game/ModularCharacters/ModularParts/SK_Chr_FacialHair_Male_17.SK_Chr_FacialHair_Male_17"
FacialHair_18,"FacialHair","/Game/ModularCharacters/ModularParts/SK_Chr_FacialHair_Male_18.SK_Chr_FacialHair_Male_18"
Torso_00,"Torso","/Game/ModularCharacters/ModularParts/SK_Chr_Torso_Male_00.SK_Chr_Torso_Male_00"
Torso_01,"Torso","/Game/ModularCharacters/ModularParts/SK_Chr_Torso_Male_01.SK_Chr_Torso_Male_01"
Torso_02,"Torso","/Game/ModularCharacters/ModularParts/SK_Chr_Torso_Male_02.SK_Chr_Torso_Male_02"
Torso_03,"Torso","/Game/ModularCharacters/ModularParts/SK_Chr_Torso_Male_03.SK_Chr_Torso_Male_03"
Torso_04,"Torso","/Game/ModularCharacters/ModularParts/SK_Chr_Torso_Male_04.SK_Chr_Torso_Male_04"
Torso_05,"Torso","/Game/ModularCharacters/ModularParts/SK_Chr_Torso_Male_05.SK_Chr_Torso_Male_05"
Torso_06,"Torso","/Game/ModularCharacters/ModularParts/SK_Chr_Torso_Male_06.SK_Chr_Torso_Male_06"
Torso_07,"Torso","/Game/ModularCharacters/ModularParts/SK_Chr_Torso_Male_07.SK_Chr_Torso_Male_07"
Torso_08,"Torso","/Game/ModularCharacters/ModularParts/SK_Chr_Torso_Male_08.SK_Chr_Torso_Male_08"
Torso_09,"Torso","/Game/ModularCharacters/ModularParts/SK_Chr_Torso_Male_09.SK_Chr_Torso_Male_09"
Torso_10,"Torso","/Game/ModularCharacters/ModularParts/SK_Chr_Torso_Male_10.SK_Chr_Torso_Male_10"
Torso_11,"Torso","/Game/ModularCharacters/ModularParts/SK_Chr_Torso_Male_11.SK_Chr_Torso_Male_11"
Torso_12,"Torso","/Game/ModularCharacters/ModularParts/SK_Chr_Torso_Male_12.SK_Chr_Torso_Male_12"
Torso_13,"Torso","/Game/ModularCharacters/ModularParts/SK_Chr_Torso_Male_13.SK_Chr_Torso_Male_13"
Torso_14,"Torso","/Game/ModularCharacters/ModularParts/SK_Chr_Torso_Male_14.SK_Chr_Torso_Male_14"
Torso_15,"Torso","/Game/ModularCharacters/ModularParts/SK_Chr_Torso_Male_15.SK_Chr_Torso_Male_15"
Torso_16,"Torso","/Game/ModularCharacters/ModularParts/SK_Chr_Torso_Male_16.SK_Chr_Torso_Male_16"
Torso_17,"Torso","/Game/ModularCharacters/ModularParts/SK_Chr_Torso_Male_17.SK_Chr_Torso_Male_17"
Torso_18,"Torso","/Game/ModularCharacters/ModularParts/SK_Chr_Torso_Male_18.SK_Chr_Torso_Male_18"
Torso_19,"Torso","/Game/ModularCharacters/ModularParts/SK_Chr_Torso_Male_19.SK_Chr_Torso_Male_19"
Torso_20,"Torso","/Game/ModularCharacters/ModularParts/SK_Chr_Torso_Male_20.SK_Chr_Torso_Male_20"
Torso_21,"Torso","/Game/ModularCharacters/ModularParts/SK_Chr_Torso_Male_21.SK_Chr_Torso_Male_21"
Torso_22,"Torso","/Game/ModularCharacters/ModularParts/SK_Chr_Torso_Male_22.SK_Chr_Torso_Male_22"
Torso_23,"Torso","/Game/ModularCharacters/ModularParts/SK_Chr_Torso_Male_23.SK_Chr_Torso_Male_23"
Torso_24,"Torso","/Game/ModularCharacters/ModularParts/SK_Chr_Torso_Male_24.SK_Chr_Torso_Male_24"
Torso_25,"Torso","/Game/ModularCharacters/ModularParts/SK_Chr_Torso_Male_25.SK_Chr_Torso_Male_25"
Torso_26,"Torso","/Game/ModularCharacters/ModularParts/SK_Chr_Torso_Male_26.SK_Chr_Torso_Male_26"
Torso_27,"Torso","/Game/ModularCharacters/ModularParts/SK_Chr_Torso_Male_27.SK_Chr_Torso_Male_27"
Torso_28,"Torso","/Game/ModularCharacters/ModularParts/SK_Chr_Torso_Male_28.SK_Chr_Torso_Male_28"
ArmUpperRight_00,"ArmUpperRight","/Game/ModularCharacters/ModularParts/SK_Chr_ArmUpperRight_Male_00.SK_Chr_ArmUpperRight_Male_00"
ArmUpperRight_01,"ArmUpperRight","/Game/ModularCharacters/ModularParts/SK_Chr_ArmUpperRight_Male_01.SK_Chr_ArmUpperRight_Male_01"
ArmUpperRight_02,"ArmUpperRight","/Game/ModularCharacters/ModularParts/SK_Chr_ArmUpperRight_Male_02.SK_Chr_ArmUpperRight_Male_02"
ArmUpperRight_03,"ArmUpperRight","/Game/ModularCharacters/ModularParts/SK_Chr_ArmUpperRight_Male_03.SK_Chr_ArmUpperRight_Male_03"
ArmUpperRight_04,"ArmUpperRight","/Game/ModularCharacters/ModularParts/SK_Chr_ArmUpperRight_Male_04.SK_Chr_ArmUpperRight_Male_04"
ArmUpperRight_05,"ArmUpperRight","/Game/ModularCharacters/ModularParts/SK_Chr_ArmUpperRight_Male_05.SK_Chr_ArmUpperRight_Male_05"
ArmUpperRight_06,"ArmUpperRight","/Game/ModularCharacters/ModularParts/SK_Chr_ArmUpperRight_Male_06.SK_Chr_ArmUpperRight_Male_06"
ArmUpperRight_07,"ArmUpperRight","/Game/ModularCharacters/ModularParts/SK_Chr_ArmUpperRight_Male_07.SK_Chr_ArmUpperRight_Male_07"
ArmUpperRight_08,"ArmUpperRight","/Game/ModularCharacters/ModularParts/SK_Chr_ArmUpperRight_Male_08.SK_Chr_ArmUpperRight_Male_08"
ArmUpperRight_09,"ArmUpperRight","/Game/ModularCharacters/ModularParts/SK_Chr_ArmUpperRight_Male_09.SK_Chr_ArmUpperRight_Male_09"
ArmUpperRight_10,"ArmUpperRight","/Game/ModularCharacters/ModularParts/SK_Chr_ArmUpperRight_Male_10.SK_Chr_ArmUpperRight_Male_10"
ArmUpperRight_11,"ArmUpperRight","/Game/ModularCharacters/ModularParts/SK_Chr_ArmUpperRight_Male_11.SK_Chr_ArmUpperRight_Male_11"
ArmUpperRight_12,"ArmUpperRight","/Game/ModularCharacters/ModularParts/SK_Chr_ArmUpperRight_Male_12.SK_Chr_ArmUpperRight_Male_12"
ArmUpperRight_13,"ArmUpperRight","/Game/ModularCharacters/ModularParts/SK_Chr_ArmUpperRight_Male_13.SK_Chr_ArmUpperRight_Male_13"
ArmUpperRight_14,"ArmUpperRight","/Game/ModularCharacters/ModularParts/SK_Chr_ArmUpperRight_Male_14.SK_Chr_ArmUpperRight_Male_14"
ArmUpperRight_15,"ArmUpperRight","/Game/ModularCharacters/ModularParts/SK_Chr_ArmUpperRight_Male_15.SK_Chr_ArmUpperRight_Male_15"
ArmUpperRight_16,"ArmUpperRight","/Game/ModularCharacters/ModularParts/SK_Chr_ArmUpperRight_Male_16.SK_Chr_ArmUpperRight_Male_16"
ArmUpperRight_17,"ArmUpperRight","/Game/ModularCharacters/ModularParts/SK_Chr_ArmUpperRight_Male_17.SK_Chr_ArmUpperRight_Male_17"
ArmUpperRight_18,"ArmUpperRight","/Game/ModularCharacters/ModularParts/SK_Chr_ArmUpperRight_Male_18.SK_Chr_ArmUpperRight_Male_18"
ArmUpperRight_19,"ArmUpperRight","/Game/ModularCharacters/ModularParts/SK_Chr_ArmUpperRight_Male_19.SK_Chr_ArmUpperRight_Male_19"
ArmUpperRight_20,"ArmUpperRight","/Game/ModularCharacters/ModularParts/SK_Chr_ArmUpperRight_Male_20.SK_Chr_ArmUpperRight_Male_20"
ArmUpperLeft_00,"ArmUpperLeft","/Game/ModularCharacters/ModularParts/SK_Chr_ArmUpperLeft_Male_00.SK_Chr_ArmUpperLeft_Male_00"
ArmUpperLeft_01,"ArmUpperLeft","/Game/ModularCharacters/ModularParts/SK_Chr_ArmUpperLeft_Male_01.SK_Chr_ArmUpperLeft_Male_01"
ArmUpperLeft_02,"ArmUpperLeft","/Game/ModularCharacters/ModularParts/SK_Chr_ArmUpperLeft_Male_02.SK_Chr_ArmUpperLeft_Male_02"
ArmUpperLeft_03,"ArmUpperLeft","/Game/ModularCharacters/ModularParts/SK_Chr_ArmUpperLeft_Male_03.SK_Chr_ArmUpperLeft_Male_03"
ArmUpperLeft_04,"ArmUpperLeft","/Game/ModularCharacters/ModularParts/SK_Chr_ArmUpperLeft_Male_04.SK_Chr_ArmUpperLeft_Male_04"
ArmUpperLeft_05,"ArmUpperLeft","/Game/ModularCharacters/ModularParts/SK_Chr_ArmUpperLeft_Male_05.SK_Chr_ArmUpperLeft_Male_05"
ArmUpperLeft_06,"ArmUpperLeft","/Game/ModularCharacters/ModularParts/SK_Chr_ArmUpperLeft_Male_06.SK_Chr_ArmUpperLeft_Male_06"
ArmUpperLeft_07,"ArmUpperLeft","/Game/ModularCharacters/ModularParts/SK_Chr_ArmUpperLeft_Male_07.SK_Chr_ArmUpperLeft_Male_07"
ArmUpperLeft_08,"ArmUpperLeft","/Game/ModularCharacters/ModularParts/SK_Chr_ArmUpperLeft_Male_08.SK_Chr_ArmUpperLeft_Male_08"
ArmUpperLeft_09,"ArmUpperLeft","/Game/ModularCharacters/ModularParts/SK_Chr_ArmUpperLeft_Male_09.SK_Chr_ArmUpperLeft_Male_09"
ArmUpperLeft_10,"ArmUpperLeft","/Game/ModularCharacters/ModularParts/SK_Chr_ArmUpperLeft_Male_10.SK_Chr_ArmUpperLeft_Male_10"
ArmUpperLeft_11,"ArmUpperLeft","/Game/ModularCharacters/ModularParts/SK_Chr_ArmUpperLeft_Male_11.SK_Chr_ArmUpperLeft_Male_11"
ArmUpperLeft_12,"ArmUpperLeft","/Game/ModularCharacters/ModularParts/SK_Chr_ArmUpperLeft_Male_12.SK_Chr_ArmUpperLeft_Male_12"
ArmUpperLeft_13,"ArmUpperLeft","/Game/ModularCharacters/ModularParts/SK_Chr_ArmUpperLeft_Male_13.SK_Chr_ArmUpperLeft_Male_13"
ArmUpperLeft_14,"ArmUpperLeft","/Game/ModularCharacters/ModularParts/SK_Chr_ArmUpperLeft_Male_14.SK_Chr_ArmUpperLeft_Male_14"
ArmUpperLeft_15,"ArmUpperLeft","/Game/ModularCharacters/ModularParts/SK_Chr_ArmUpperLeft_Male_15.SK_Chr_ArmUpperLeft_Male_15"
ArmUpperLeft_16,"ArmUpperLeft","/Game/ModularCharacters/ModularParts/SK_Chr_ArmUpperLeft_Male_16.SK_Chr_ArmUpperLeft_Male_16"
ArmUpperLeft_17,"ArmUpperLeft","/Game/ModularCharacters/ModularParts/SK_Chr_ArmUpperLeft_Male_17.SK_Chr_ArmUpperLeft_Male_17"
ArmUpperLeft_18,"ArmUpperLeft","/Game/ModularCharacters/ModularParts/SK_Chr_ArmUpperLeft_Male_18.SK_Chr_ArmUpperLeft_Male_18"
ArmUpperLeft_19,"ArmUpperLeft","/Game/ModularCharacters/ModularParts/SK_Chr_ArmUpperLeft_Male_19.SK_Chr_ArmUpperLeft_Male_19"
ArmUpperLeft_20,"ArmUpperLeft","/Game/ModularCharacters/ModularParts/SK_Chr_ArmUpperLeft_Male_20.SK_Chr_ArmUpperLeft_Male_20"
ArmLowerRight_00,"ArmLowerRight","/Game/ModularCharacters/ModularParts/SK_Chr_ArmLowerRight_Male_00.SK_Chr_ArmLowerRight_Male_00"
ArmLowerRight_01,"ArmLowerRight","/Game/ModularCharacters/ModularParts/SK_Chr_ArmLowerRight_Male_01.SK_Chr_ArmLowerRight_Male_01"
ArmLowerRight_02,"ArmLowerRight","/Game/ModularCharacters/ModularParts/SK_Chr_ArmLowerRight_Male_02.SK_Chr_ArmLowerRight_Male_02"
ArmLowerRight_03,"ArmLowerRight","/Game/ModularCharacters/ModularParts/SK_Chr_ArmLowerRight_Male_03.SK_Chr_ArmLowerRight_Male_03"
ArmLowerRight_04,"ArmLowerRight","/Game/ModularCharacters/ModularParts/SK_Chr_ArmLowerRight_Male_04.SK_Chr_ArmLowerRight_Male_04"
ArmLowerRight_05,"ArmLowerRight","/Game/ModularCharacters/ModularParts/SK_Chr_ArmLowerRight_Male_05.SK_Chr_ArmLowerRight_Male_05"
ArmLowerRight_06,"ArmLowerRight","/Game/ModularCharacters/ModularParts/SK_Chr_ArmLowerRight_Male_06.SK_Chr_ArmLowerRight_Male_06"
ArmLowerRight_07,"ArmLowerRight","/Game/ModularCharacters/ModularParts/SK_Chr_ArmLowerRight_Male_07.SK_Chr_ArmLowerRight_Male_07"
ArmLowerRight_08,"ArmLowerRight","/Game/ModularCharacters/ModularParts/SK_Chr_ArmLowerRight_Male_08.SK_Chr_ArmLowerRight_Male_08"
ArmLowerRight_09,"ArmLowerRight","/Game/ModularCharacters/ModularParts/SK_Chr_ArmLowerRight_Male_09.SK_Chr_ArmLowerRight_Male_09"
ArmLowerRight_10,"ArmLowerRight","/Game/ModularCharacters/ModularParts/SK_Chr_ArmLowerRight_Male_10.SK_Chr_ArmLowerRight_Male_10"
ArmLowerRight_11,"ArmLowerRight","/Game/ModularCharacters/ModularParts/SK_Chr_ArmLowerRight_Male_11.SK_Chr_ArmLowerRight_Male_11"
ArmLowerRight_12,"ArmLowerRight","/Game/ModularCharacters/ModularParts/SK_Chr_ArmLowerRight_Male_12.SK_Chr_ArmLowerRight_Male_12"
ArmLowerRight_13,"ArmLowerRight","/Game/ModularCharacters/ModularParts/SK_Chr_ArmLowerRight_Male_13.SK_Chr_ArmLowerRight_Male_13"
ArmLowerRight_14,"ArmLowerRight","/Game/ModularCharacters/ModularParts/SK_Chr_ArmLowerRight_Male_14.SK_Chr_ArmLowerRight_Male_14"
ArmLowerRight_15,"ArmLowerRight","/Game/ModularCharacters/ModularParts/SK_Chr_ArmLowerRight_Male_15.SK_Chr_ArmLowerRight_Male_15"
ArmLowerRight_16,"ArmLowerRight","/Game/ModularCharacters/ModularParts/SK_Chr_ArmLowerRight_Male_16.SK_Chr_ArmLowerRight_Male_16"
ArmLowerRight_17,"ArmLowerRight","/Game/ModularCharacters/ModularParts/SK_Chr_ArmLowerRight_Male_17.SK_Chr_ArmLowerRight_Male_17"
ArmLowerRight_18,"ArmLowerRight","/Game/ModularCharacters/ModularParts/SK_Chr_ArmLowerRight_Male_18.SK_Chr_ArmLowerRight_Male_18"
ArmLowerLeft_00,"ArmLowerLeft","/Game/ModularCharacters/ModularParts/SK_Chr_ArmLowerLeft_Male_00.SK_Chr_ArmLowerLeft_Male_00"
ArmLowerLeft_01,"ArmLowerLeft","/Game/ModularCharacters/ModularParts/SK_Chr_ArmLowerLeft_Male_01.SK_Chr_ArmLowerLeft_Male_01"
ArmLowerLeft_02,"ArmLowerLeft","/Game/ModularCharacters/ModularParts/SK_Chr_ArmLowerLeft_Male_02.SK_Chr_ArmLowerLeft_Male_02"
ArmLowerLeft_03,"ArmLowerLeft","/Game/ModularCharacters/ModularParts/SK_Chr_ArmLowerLeft_Male_03.SK_Chr_ArmLowerLeft_Male_03"
ArmLowerLeft_04,"ArmLowerLeft","/Game/ModularCharacters/ModularParts/SK_Chr_ArmLowerLeft_Male_04.SK_Chr_ArmLowerLeft_Male_04"
ArmLowerLeft_05,"ArmLowerLeft","/Game/ModularCharacters/ModularParts/SK_Chr_ArmLowerLeft_Male_05.SK_Chr_ArmLowerLeft_Male_05"
ArmLowerLeft_06,"ArmLowerLeft","/Game/ModularCharacters/ModularParts/SK_Chr_ArmLowerLeft_Male_06.SK_Chr_ArmLowerLeft_Male_06"
ArmLowerLeft_07,"ArmLowerLeft","/Game/ModularCharacters/ModularParts/SK_Chr_ArmLowerLeft_Male_07.SK_Chr_ArmLowerLeft_Male_07"
ArmLowerLeft_08,"ArmLowerLeft","/Game/ModularCharacters/ModularParts/SK_Chr_ArmLowerLeft_Male_08.SK_Chr_ArmLowerLeft_Male_08"
ArmLowerLeft_09,"ArmLowerLeft","/Game/ModularCharacters/ModularParts/SK_Chr_ArmLowerLeft_Male_09.SK_Chr_ArmLowerLeft_Male_09"
ArmLowerLeft_10,"ArmLowerLeft","/Game/ModularCharacters/ModularParts/SK_Chr_ArmLowerLeft_Male_10.SK_Chr_ArmLowerLeft_Male_10"
ArmLowerLeft_11,"ArmLowerLeft","/Game/ModularCharacters/ModularParts/SK_Chr_ArmLowerLeft_Male_11.SK_Chr_ArmLowerLeft_Male_11"
ArmLowerLeft_12,"ArmLowerLeft","/Game/ModularCharacters/ModularParts/SK_Chr_ArmLowerLeft_Male_12.SK_Chr_ArmLowerLeft_Male_12"
ArmLowerLeft_13,"ArmLowerLeft","/Game/ModularCharacters/ModularParts/SK_Chr_ArmLowerLeft_Male_13.SK_Chr_ArmLowerLeft_Male_13"
ArmLowerLeft_14,"ArmLowerLeft","/Game/ModularCharacters/ModularParts/SK_Chr_ArmLowerLeft_Male_14.SK_Chr_ArmLowerLeft_Male_14"
ArmLowerLeft_15,"ArmLowerLeft","/Game/ModularCharacters/ModularParts/SK_Chr_ArmLowerLeft_Male_15.SK_Chr_ArmLowerLeft_Male_15"
ArmLowerLeft_16,"ArmLowerLeft","/Game/ModularCharacters/ModularParts/SK_Chr_ArmLowerLeft_Male_16.SK_Chr_ArmLowerLeft_Male_16"
ArmLowerLeft_17,"ArmLowerLeft","/Game/ModularCharacters/ModularParts/SK_Chr_ArmLowerLeft_Male_17.SK_Chr_ArmLowerLeft_Male_17"
ArmLowerLeft_18,"ArmLowerLeft","/Game/ModularCharacters/ModularParts/SK_Chr_ArmLowerLeft_Male_18.SK_Chr_ArmLowerLeft_Male_18"
HandRight_00,"HandRight","/Game/ModularCharacters/ModularParts/SK_Chr_HandRight_Male_00.SK_Chr_HandRight_Male_00"
HandRight_01,"HandRight","/Game/ModularCharacters/ModularParts/SK_Chr_HandRight_Male_01.SK_Chr_HandRight_Male_01"
HandRight_02,"HandRight","/Game/ModularCharacters/ModularParts/SK_Chr_HandRight_Male_02.SK_Chr_HandRight_Male_02"
HandRight_03,"HandRight","/Game/ModularCharacters/ModularParts/SK_Chr_HandRight_Male_03.SK_Chr_HandRight_Male_03"
HandRight_04,"HandRight","/Game/ModularCharacters/ModularParts/SK_Chr_HandRight_Male_04.SK_Chr_HandRight_Male_04"
HandRight_05,"HandRight","/Game/ModularCharacters/ModularParts/SK_Chr_HandRight_Male_05.SK_Chr_HandRight_Male_05"
HandRight_06,"HandRight","/Game/ModularCharacters/ModularParts/SK_Chr_HandRight_Male_06.SK_Chr_HandRight_Male_06"
HandRight_07,"HandRight","/Game/ModularCharacters/ModularParts/SK_Chr_HandRight_Male_07.SK_Chr_HandRight_Male_07"
HandRight_08,"HandRight","/Game/ModularCharacters/ModularParts/SK_Chr_HandRight_Male_08.SK_Chr_HandRight_Male_08"
HandRight_09,"HandRight","/Game/ModularCharacters/ModularParts/SK_Chr_HandRight_Male_09.SK_Chr_HandRight_Male_09"
HandRight_10,"HandRight","/Game/ModularCharacters/ModularParts/SK_Chr_HandRight_Male_10.SK_Chr_HandRight_Male_10"
HandRight_11,"HandRight","/Game/ModularCharacters/ModularParts/SK_Chr_HandRight_Male_11.SK_Chr_HandRight_Male_11"
HandRight_12,"HandRight","/Game/ModularCharacters/ModularParts/SK_Chr_HandRight_Male_12.SK_Chr_HandRight_Male_12"
HandRight_13,"HandRight","/Game/ModularCharacters/ModularParts/SK_Chr_HandRight_Male_13.SK_Chr_HandRight_Male_13"
HandRight_14,"HandRight","/Game/ModularCharacters/ModularParts/SK_Chr_HandRight_Male_14.SK_Chr_HandRight_Male_14"
HandRight_15,"HandRight","/Game/ModularCharacters/ModularParts/SK_Chr_HandRight_Male_15.SK_Chr_HandRight_Male_15"
HandRight_16,"HandRight","/Game/ModularCharacters/ModularParts/SK_Chr_HandRight_Male_16.SK_Chr_HandRight_Male_16"
HandRight_17,"HandRight","/Game/ModularCharacters/ModularParts/SK_Chr_HandRight_Male_17.SK_Chr_HandRight_Male_17"
HandLeft_00,"HandLeft","/Game/ModularCharacters/ModularParts/SK_Chr_HandLeft_Male_00.SK_Chr_HandLeft_Male_00"
HandLeft_01,"HandLeft","/Game/ModularCharacters/ModularParts/SK_Chr_HandLeft_Male_01.SK_Chr_HandLeft_Male_01"
HandLeft_02,"HandLeft","/Game/ModularCharacters/ModularParts/SK_Chr_HandLeft_Male_02.SK_Chr_HandLeft_Male_02"
HandLeft_03,"HandLeft","/Game/ModularCharacters/ModularParts/SK_Chr_HandLeft_Male_03.SK_Chr_HandLeft_Male_03"
HandLeft_04,"HandLeft","/Game/ModularCharacters/ModularParts/SK_Chr_HandLeft_Male_04.SK_Chr_HandLeft_Male_04"
HandLeft_05,"HandLeft","/Game/ModularCharacters/ModularParts/SK_Chr_HandLeft_Male_05.SK_Chr_HandLeft_Male_05"
HandLeft_06,"HandLeft","/Game/ModularCharacters/ModularParts/SK_Chr_HandLeft_Male_06.SK_Chr_HandLeft_Male_06"
HandLeft_07,"HandLeft","/Game/ModularCharacters/ModularParts/SK_Chr_HandLeft_Male_07.SK_Chr_HandLeft_Male_07"
HandLeft_08,"HandLeft","/Game/ModularCharacters/ModularParts/SK_Chr_HandLeft_Male_08.SK_Chr_HandLeft_Male_08"
HandLeft_09,"HandLeft","/Game/ModularCharacters/ModularParts/SK_Chr_HandLeft_Male_09.SK_Chr_HandLeft_Male_09"
HandLeft_10,"HandLeft","/Game/ModularCharacters/ModularParts/SK_Chr_HandLeft_Male_10.SK_Chr_HandLeft_Male_10"
HandLeft_11,"HandLeft","/Game/ModularCharacters/ModularParts/SK_Chr_HandLeft_Male_11.SK_Chr_HandLeft_Male_11"
HandLeft_12,"HandLeft","/Game/ModularCharacters/ModularParts/SK_Chr_HandLeft_Male_12.SK_Chr_HandLeft_Male_12"
HandLeft_13,"HandLeft","/Game/ModularCharacters/ModularParts/SK_Chr_HandLeft_Male_13.SK_Chr_HandLeft_Male_13"
HandLeft_14,"HandLeft","/Game/ModularCharacters/ModularParts/SK_Chr_HandLeft_Male_14.SK_Chr_HandLeft_Male_14"
HandLeft_15,"HandLeft","/Game/ModularCharacters/ModularParts/SK_Chr_HandLeft_Male_15.SK_Chr_HandLeft_Male_15"
HandLeft_16,"HandLeft","/Game/ModularCharacters/ModularParts/SK_Chr_HandLeft_Male_16.SK_Chr_HandLeft_Male_16"
HandLeft_17,"HandLeft","/Game/ModularCharacters/ModularParts/SK_Chr_HandLeft_Male_17.SK_Chr_HandLeft_Male_17"
Hips_00,"Hips","/Game/ModularCharacters/ModularParts/SK_Chr_Hips_Male_00.SK_Chr_Hips_Male_00"
Hips_01,"Hips","/Game/ModularCharacters/ModularParts/SK_Chr_Hips_Male_01.SK_Chr_Hips_Male_01"
Hips_02,"Hips","/Game/ModularCharacters/ModularParts/SK_Chr_Hips_Male_02.SK_Chr_Hips_Male_02"
Hips_03,"Hips","/Game/ModularCharacters/ModularParts/SK_Chr_Hips_Male_03.SK_Chr_Hips_Male_03"
Hips_04,"Hips","/Game/ModularCharacters/ModularParts/SK_Chr_Hips_Male_04.SK_Chr_Hips_Male_04"
Hips_05,"Hips","/Game/ModularCharacters/ModularParts/SK_Chr_Hips_Male_05.SK_Chr_Hips_Male_05"
Hips_06,"Hips","/Game/ModularCharacters/ModularParts/SK_Chr_Hips_Male_06.SK_Chr_Hips_Male_06"
Hips_07,"Hips","/Game/ModularCharacters/ModularParts/SK_Chr_Hips_Male_07.SK_Chr_Hips_Male_07"
Hips_08,"Hips","/Game/ModularCharacters/ModularParts/SK_Chr_Hips_Male_08.SK_Chr_Hips_Male_08"
Hips_09,"Hips","/Game/ModularCharacters/ModularParts/SK_Chr_Hips_Male_09.SK_Chr_Hips_Male_09"
Hips_10,"Hips","/Game/ModularCharacters/ModularParts/SK_Chr_Hips_Male_10.SK_Chr_Hips_Male_10"
Hips_11,"Hips","/Game/ModularCharacters/ModularParts/SK_Chr_Hips_Male_11.SK_Chr_Hips_Male_11"
Hips_12,"Hips","/Game/ModularCharacters/ModularParts/SK_Chr_Hips_Male_12.SK_Chr_Hips_Male_12"
Hips_13,"Hips","/Game/ModularCharacters/ModularParts/SK_Chr_Hips_Male_13.SK_Chr_Hips_Male_13"
Hips_14,"Hips","/Game/ModularCharacters/ModularParts/SK_Chr_Hips_Male_14.SK_Chr_Hips_Male_14"
Hips_15,"Hips","/Game/ModularCharacters/ModularParts/SK_Chr_Hips_Male_15.SK_Chr_Hips_Male_15"
Hips_16,"Hips","/Game/ModularCharacters/ModularParts/SK_Chr_Hips_Male_16.SK_Chr_Hips_Male_16"
Hips_17,"Hips","/Game/ModularCharacters/ModularParts/SK_Chr_Hips_Male_17.SK_Chr_Hips_Male_17"
Hips_18,"Hips","/Game/ModularCharacters/ModularParts/SK_Chr_Hips_Male_18.SK_Chr_Hips_Male_18"
Hips_19,"Hips","/Game/ModularCharacters/ModularParts/SK_Chr_Hips_Male_19.SK_Chr_Hips_Male_19"
Hips_20,"Hips","/Game/ModularCharacters/ModularParts/SK_Chr_Hips_Male_20.SK_Chr_Hips_Male_20"
Hips_21,"Hips","/Game/ModularCharacters/ModularParts/SK_Chr_Hips_Male_21.SK_Chr_Hips_Male_21"
Hips_22,"Hips","/Game/ModularCharacters/ModularParts/SK_Chr_Hips_Male_22.SK_Chr_Hips_Male_22"
Hips_23,"Hips","/Game/ModularCharacters/ModularParts/SK_Chr_Hips_Male_23.SK_Chr_Hips_Male_23"
Hips_24,"Hips","/Game/ModularCharacters/ModularParts/SK_Chr_Hips_Male_24.SK_Chr_Hips_Male_24"
Hips_25,"Hips","/Game/ModularCharacters/ModularParts/SK_Chr_Hips_Male_25.SK_Chr_Hips_Male_25"
Hips_26,"Hips","/Game/ModularCharacters/ModularParts/SK_Chr_Hips_Male_26.SK_Chr_Hips_Male_26"
Hips_27,"Hips","/Game/ModularCharacters/ModularParts/SK_Chr_Hips_Male_27.SK_Chr_Hips_Male_27"
Hips_28,"Hips","/Game/ModularCharacters/ModularParts/SK_Chr_Hips_Male_28.SK_Chr_Hips_Male_28"
LegRight_00,"LegRight","/Game/ModularCharacters/ModularParts/SK_Chr_LegRight_Male_00.SK_Chr_LegRight_Male_00"
LegRight_01,"LegRight","/Game/ModularCharacters/ModularParts/SK_Chr_LegRight_Male_01.SK_Chr_LegRight_Male_01"
LegRight_02,"LegRight","/Game/ModularCharacters/ModularParts/SK_Chr_LegRight_Male_02.SK_Chr_LegRight_Male_02"
LegRight_03,"LegRight","/Game/ModularCharacters/ModularParts/SK_Chr_LegRight_Male_03.SK_Chr_LegRight_Male_03"
LegRight_04,"LegRight","/Game/ModularCharacters/ModularParts/SK_Chr_LegRight_Male_04.SK_Chr_LegRight_Male_04"
LegRight_05,"LegRight","/Game/ModularCharacters/ModularParts/SK_Chr_LegRight_Male_05.SK_Chr_LegRight_Male_05"
LegRight_06,"LegRight","/Game/ModularCharacters/ModularParts/SK_Chr_LegRight_Male_06.SK_Chr_LegRight_Male_06"
LegRight_07,"LegRight","/Game/ModularCharacters/ModularParts/SK_Chr_LegRight_Male_07.SK_Chr_LegRight_Male_07"
LegRight_08,"LegRight","/Game/ModularCharacters/ModularParts/SK_Chr_LegRight_Male_08.SK_Chr_LegRight_Male_08"
LegRight_09,"LegRight","/Game/ModularCharacters/ModularParts/SK_Chr_LegRight_Male_09.SK_Chr_LegRight_Male_09"
LegRight_10,"LegRight","/Game/ModularCharacters/ModularParts/SK_Chr_LegRight_Male_10.SK_Chr_LegRight_Male_10"
LegRight_11,"LegRight","/Game/ModularCharacters/ModularParts/SK_Chr_LegRight_Male_11.SK_Chr_LegRight_Male_11"
LegRight_12,"LegRight","/Game/ModularCharacters/ModularParts/SK_Chr_LegRight_Male_12.SK_Chr_LegRight_Male_12"
LegRight_13,"LegRight","/Game/ModularCharacters/ModularParts/SK_Chr_LegRight_Male_13.SK_Chr_LegRight_Male_13"
LegRight_14,"LegRight","/Game/ModularCharacters/ModularParts/SK_Chr_LegRight_Male_14.SK_Chr_LegRight_Male_14"
LegRight_15,"LegRight","/Game/ModularCharacters/ModularParts/SK_Chr_LegRight_Male_15.SK_Chr_LegRight_Male_15"
LegRight_16,"LegRight","/Game/ModularCharacters/ModularParts/SK_Chr_LegRight_Male_16.SK_Chr_LegRight_Male_16"
LegRight_17,"LegRight","/Game/ModularCharacters/ModularParts/SK_Chr_LegRight_Male_17.SK_Chr_LegRight_Male_17"
LegRight_18,"LegRight","/Game/ModularCharacters/ModularParts/SK_Chr_LegRight_Male_18.SK_Chr_LegRight_Male_18"
LegRight_19,"LegRight","/Game/ModularCharacters/ModularParts/SK_Chr_LegRight_Male_19.SK_Chr_LegRight_Male_19"
LegLeft_00,"LegLeft","/Game/ModularCharacters/ModularParts/SK_Chr_LegLeft_Male_00.SK_Chr_LegLeft_Male_00"
LegLeft_01,"LegLeft","/Game/ModularCharacters/ModularParts/SK_Chr_LegLeft_Male_01.SK_Chr_LegLeft_Male_01"
LegLeft_02,"LegLeft","/Game/ModularCharacters/ModularParts/SK_Chr_LegLeft_Male_02.SK_Chr_LegLeft_Male_02"
LegLeft_03,"LegLeft","/Game/ModularCharacters/ModularParts/SK_Chr_LegLeft_Male_03.SK_Chr_LegLeft_Male_03"
LegLeft_04,"LegLeft","/Game/ModularCharacters/ModularParts/SK_Chr_LegLeft_Male_04.SK_Chr_LegLeft_Male_04"
LegLeft_05,"LegLeft","/Game/ModularCharacters/ModularParts/SK_Chr_LegLeft_Male_05.SK_Chr_LegLeft_Male_05"
LegLeft_06,"LegLeft","/Game/ModularCharacters/ModularParts/SK_Chr_LegLeft_Male_06.SK_Chr_LegLeft_Male_06"
LegLeft_07,"LegLeft","/Game/ModularCharacters/ModularParts/SK_Chr_LegLeft_Male_07.SK_Chr_LegLeft_Male_07"
LegLeft_08,"LegLeft","/Game/ModularCharacters/ModularParts/SK_Chr_LegLeft_Male_08.SK_Chr_LegLeft_Male_08"
LegLeft_09,"LegLeft","/Game/ModularCharacters/ModularParts/SK_Chr_LegLeft_Male_09.SK_Chr_LegLeft_Male_09"
LegLeft_10,"LegLeft","/Game/ModularCharacters/ModularParts/SK_Chr_LegLeft_Male_10.SK_Chr_LegLeft_Male_10"
LegLeft_11,"LegLeft","/Game/ModularCharacters/ModularParts/SK_Chr_LegLeft_Male_11.SK_Chr_LegLeft_Male_11"
LegLeft_12,"LegLeft","/Game/ModularCharacters/ModularParts/SK_Chr_LegLeft_Male_12.SK_Chr_LegLeft_Male_12"
LegLeft_13,"LegLeft","/Game/ModularCharacters/ModularParts/SK_Chr_LegLeft_Male_13.SK_Chr_LegLeft_Male_13"
LegLeft_14,"LegLeft","/Game/ModularCharacters/ModularParts/SK_Chr_LegLeft_Male_14.SK_Chr_LegLeft_Male_14"
LegLeft_15,"LegLeft","/Game/ModularCharacters/ModularParts/SK_Chr_LegLeft_Male_15.SK_Chr_LegLeft_Male_15"
LegLeft_16,"LegLeft","/Game/ModularCharacters/ModularParts/SK_Chr_LegLeft_Male_16.SK_Chr_LegLeft_Male_16"
LegLeft_17,"LegLeft","/Game/ModularCharacters/ModularParts/SK_Chr_LegLeft_Male_17.SK_Chr_LegLeft_Male_17"
LegLeft_18,"LegLeft","/Game/ModularCharacters/ModularParts/SK_Chr_LegLeft_Male_18.SK_Chr_LegLeft_Male_18"
LegLeft_19,"LegLeft","/Game/ModularCharacters/ModularParts/SK_Chr_LegLeft_Male_19.SK_Chr_LegLeft_Male_19"